{"cameraMode":{"drawMode":0,"name":"Shaded","section":"Shading Mode"},"sceneLighting":true,"audioPlay":false,"sceneViewState":{"showFog":true,"showMaterialUpdate":false,"showSkybox":false,"showFlares":true,"showImageEffects":true,"showParticleSystems":true},"in2DMode":false,"pivot":{"x":3.926344871520996,"y":-0.10751637071371079,"z":-19.92373275756836},"rotation":{"x":-0.37464699149131777,"y":0.5732849836349487,"z":-0.33147650957107546,"w":-0.6490950584411621},"size":2.1073949337005617,"orthographic":false}