{"cameraMode":{"drawMode":0,"name":"Shaded","section":"Shading Mode"},"sceneLighting":true,"audioPlay":false,"sceneViewState":{"showFog":true,"showMaterialUpdate":false,"showSkybox":false,"showFlares":true,"showImageEffects":true,"showParticleSystems":true},"in2DMode":false,"pivot":{"x":-4.409881591796875,"y":1.10638427734375,"z":2.3011813163757326},"rotation":{"x":-0.33507418632507326,"y":-0.5791433453559876,"z":0.28202927112579348,"w":-0.687666654586792},"size":16.04707145690918,"orthographic":false}