{"cameraMode":{"drawMode":0,"name":"Shaded","section":"Shading Mode"},"sceneLighting":false,"audioPlay":false,"sceneViewState":{"showFog":true,"showMaterialUpdate":false,"showSkybox":false,"showFlares":true,"showImageEffects":true,"showParticleSystems":true},"in2DMode":false,"pivot":{"x":5.384409427642822,"y":2.5590198040008547,"z":-20.139265060424806},"rotation":{"x":-0.3962913155555725,"y":0.5787231922149658,"z":-0.3814028203487396,"w":-0.6023112535476685},"size":0.24771282076835633,"orthographic":false}